{"Toyota": 49.96666666666667, "Mitsubishi": 64.89166666666667, "Honda": 65.22500000000001, "Mazda": 66.95833333333333, "Nissan": 67.39999999999999, "MINI": 67.95833333333333, "Volkswagen": 68.05, "GMC": 70.24166666666666, "Kia": 70.35000000000001, "Hyundai": 72.61666666666666, "Subaru": 73.31666666666666, "Buick": 75.52499999999999, "FIAT": 75.83333333333333, "Chevrolet": 80.20833333333333, "Ford": 82.16666666666667, "Dodge": 92.325, "Chrysler": 94.7, "Jeep": 95.63333333333333, "Ram": 140.01666666666668}